<Type Name="NvdlBuiltInValidationProvider" FullName="Commons.Xml.Nvdl.NvdlBuiltInValidationProvider">
  <TypeSignature Language="C#" Value="public class NvdlBuiltInValidationProvider : Commons.Xml.Nvdl.NvdlValidationProvider" />
  <AssemblyInfo>
    <AssemblyName>Commons.Xml.Relaxng</AssemblyName>
    <AssemblyVersion>1.0.5000.0</AssemblyVersion>
  </AssemblyInfo>
  <Base>
    <BaseTypeName>Commons.Xml.Nvdl.NvdlValidationProvider</BaseTypeName>
  </Base>
  <Interfaces />
  <Members>
    <Member MemberName=".ctor">
      <MemberSignature Language="C#" Value="public NvdlBuiltInValidationProvider ();" />
      <MemberType>Constructor</MemberType>
      <Parameters />
      <Docs>
        <summary>The default constructor.</summary>
        <remarks>To be added.</remarks>
      </Docs>
    </Member>
  </Members>
  <Docs>
    <summary>Validator implementation for built-in NVDL namespace.</summary>
    <remarks>This validation provider implements a validation feature for built-in NVDL namespace. In this namespace, the rule is simple; any of input XML instances are either allowed or rejected.</remarks>
  </Docs>
</Type>
