<Type Name="NvdlNoCancelAction" FullName="Commons.Xml.Nvdl.NvdlNoCancelAction">
  <TypeSignature Language="C#" Value="public abstract class NvdlNoCancelAction : Commons.Xml.Nvdl.NvdlAction" />
  <AssemblyInfo>
    <AssemblyName>Commons.Xml.Relaxng</AssemblyName>
    <AssemblyVersion>1.0.5000.0</AssemblyVersion>
  </AssemblyInfo>
  <Base>
    <BaseTypeName>Commons.Xml.Nvdl.NvdlAction</BaseTypeName>
  </Base>
  <Interfaces />
  <Members>
    <Member MemberName=".ctor">
      <MemberSignature Language="C#" Value="protected NvdlNoCancelAction ();" />
      <MemberType>Constructor</MemberType>
      <Parameters />
      <Docs>
        <summary>To be added.</summary>
        <remarks>To be added.</remarks>
      </Docs>
    </Member>
    <Member MemberName="ModeUsage">
      <MemberSignature Language="C#" Value="public Commons.Xml.Nvdl.NvdlModeUsage ModeUsage { set; get; };" />
      <MemberType>Property</MemberType>
      <ReturnValue>
        <ReturnType>Commons.Xml.Nvdl.NvdlModeUsage</ReturnType>
      </ReturnValue>
      <Docs>
        <summary>To be added.</summary>
        <value>To be added.</value>
        <remarks>To be added.</remarks>
      </Docs>
    </Member>
    <Member MemberName="SimpleMessage">
      <MemberSignature Language="C#" Value="public string SimpleMessage { set; get; };" />
      <MemberType>Property</MemberType>
      <ReturnValue>
        <ReturnType>System.String</ReturnType>
      </ReturnValue>
      <Docs>
        <summary>To be added.</summary>
        <value>To be added.</value>
        <remarks>To be added.</remarks>
      </Docs>
    </Member>
    <Member MemberName="Messages">
      <MemberSignature Language="C#" Value="public Commons.Xml.Nvdl.NvdlMessageList Messages { get; };" />
      <MemberType>Property</MemberType>
      <ReturnValue>
        <ReturnType>Commons.Xml.Nvdl.NvdlMessageList</ReturnType>
      </ReturnValue>
      <Docs>
        <summary>To be added.</summary>
        <value>To be added.</value>
        <remarks>To be added.</remarks>
      </Docs>
    </Member>
  </Members>
  <Docs>
    <summary>To be added.</summary>
    <remarks>To be added.</remarks>
  </Docs>
</Type>
