<Type Name="NvdlResultAction" FullName="Commons.Xml.Nvdl.NvdlResultAction">
  <TypeSignature Language="C#" Value="public abstract class NvdlResultAction : Commons.Xml.Nvdl.NvdlNoCancelAction" />
  <AssemblyInfo>
    <AssemblyName>Commons.Xml.Relaxng</AssemblyName>
    <AssemblyVersion>1.0.5000.0</AssemblyVersion>
  </AssemblyInfo>
  <Base>
    <BaseTypeName>Commons.Xml.Nvdl.NvdlNoCancelAction</BaseTypeName>
  </Base>
  <Interfaces />
  <Members>
    <Member MemberName=".ctor">
      <MemberSignature Language="C#" Value="protected NvdlResultAction ();" />
      <MemberType>Constructor</MemberType>
      <Parameters />
      <Docs>
        <summary>To be added.</summary>
        <remarks>To be added.</remarks>
      </Docs>
    </Member>
    <Member MemberName="ResultType">
      <MemberSignature Language="C#" Value="public abstract Commons.Xml.Nvdl.NvdlResultType ResultType { get; };" />
      <MemberType>Property</MemberType>
      <ReturnValue>
        <ReturnType>Commons.Xml.Nvdl.NvdlResultType</ReturnType>
      </ReturnValue>
      <Docs>
        <summary>To be added.</summary>
        <value>To be added.</value>
        <remarks>To be added.</remarks>
      </Docs>
    </Member>
  </Members>
  <Docs>
    <summary>To be added.</summary>
    <remarks>To be added.</remarks>
  </Docs>
</Type>
