<Type Name="NvdlValidationException" FullName="Commons.Xml.Nvdl.NvdlValidationException">
  <TypeSignature Language="C#" Value="public class NvdlValidationException : Commons.Xml.Nvdl.NvdlException" />
  <AssemblyInfo>
    <AssemblyName>Commons.Xml.Relaxng</AssemblyName>
    <AssemblyVersion>1.0.5000.0</AssemblyVersion>
  </AssemblyInfo>
  <Base>
    <BaseTypeName>Commons.Xml.Nvdl.NvdlException</BaseTypeName>
  </Base>
  <Interfaces />
  <Members>
    <Member MemberName=".ctor">
      <MemberSignature Language="C#" Value="public NvdlValidationException (string message, System.Xml.IXmlLineInfo source);" />
      <MemberType>Constructor</MemberType>
      <Parameters>
        <Parameter Name="message" Type="System.String" />
        <Parameter Name="source" Type="System.Xml.IXmlLineInfo" />
      </Parameters>
      <Docs>
        <param name="message">To be added.</param>
        <param name="source">To be added.</param>
        <summary>To be added.</summary>
        <remarks>To be added.</remarks>
      </Docs>
    </Member>
    <Member MemberName=".ctor">
      <MemberSignature Language="C#" Value="public NvdlValidationException (string message, Exception inner, System.Xml.IXmlLineInfo source);" />
      <MemberType>Constructor</MemberType>
      <Parameters>
        <Parameter Name="message" Type="System.String" />
        <Parameter Name="inner" Type="System.Exception" />
        <Parameter Name="source" Type="System.Xml.IXmlLineInfo" />
      </Parameters>
      <Docs>
        <param name="message">To be added.</param>
        <param name="inner">To be added.</param>
        <param name="source">To be added.</param>
        <summary>To be added.</summary>
        <remarks>To be added.</remarks>
      </Docs>
    </Member>
  </Members>
  <Docs>
    <summary>To be added.</summary>
    <remarks>To be added.</remarks>
  </Docs>
</Type>
