<Type Name="NvdlRelaxngValidatorProvider" FullName="Commons.Xml.Nvdl.NvdlRelaxngValidatorProvider">
  <TypeSignature Language="C#" Value="public class NvdlRelaxngValidatorProvider : Commons.Xml.Nvdl.NvdlValidationProvider" />
  <AssemblyInfo>
    <AssemblyName>Commons.Xml.Relaxng</AssemblyName>
    <AssemblyVersion>1.0.5000.0</AssemblyVersion>
  </AssemblyInfo>
  <Base>
    <BaseTypeName>Commons.Xml.Nvdl.NvdlValidationProvider</BaseTypeName>
  </Base>
  <Interfaces />
  <Members>
    <Member MemberName=".ctor">
      <MemberSignature Language="C#" Value="public NvdlRelaxngValidatorProvider ();" />
      <MemberType>Constructor</MemberType>
      <Parameters />
      <Docs>
        <summary>To be added.</summary>
        <remarks>To be added.</remarks>
      </Docs>
    </Member>
    <Member MemberName="RncMimeType">
      <MemberSignature Language="C#" Value="public const string RncMimeType;" />
      <MemberType>Field</MemberType>
      <ReturnValue>
        <ReturnType>System.String</ReturnType>
      </ReturnValue>
      <Docs>
        <summary>To be added.</summary>
        <remarks>To be added.</remarks>
      </Docs>
    </Member>
  </Members>
  <Docs>
    <summary>To be added.</summary>
    <remarks>To be added.</remarks>
  </Docs>
</Type>
