<Type Name="RelaxngReader" FullName="Commons.Xml.Relaxng.RelaxngReader">
  <TypeSignature Language="C#" Value="public class RelaxngReader : Commons.Xml.XmlDefaultReader" />
  <AssemblyInfo>
    <AssemblyName>Commons.Xml.Relaxng</AssemblyName>
    <AssemblyVersion>1.0.5000.0</AssemblyVersion>
  </AssemblyInfo>
  <Base>
    <BaseTypeName>Commons.Xml.XmlDefaultReader</BaseTypeName>
  </Base>
  <Interfaces />
  <Members>
    <Member MemberName=".ctor">
      <MemberSignature Language="C#" Value="public RelaxngReader (System.Xml.XmlReader reader);" />
      <MemberType>Constructor</MemberType>
      <Parameters>
        <Parameter Name="reader" Type="System.Xml.XmlReader" />
      </Parameters>
      <Docs>
        <param name="reader">To be added.</param>
        <summary>To be added.</summary>
        <remarks>To be added.</remarks>
      </Docs>
    </Member>
    <Member MemberName=".ctor">
      <MemberSignature Language="C#" Value="public RelaxngReader (System.Xml.XmlReader reader, string ns);" />
      <MemberType>Constructor</MemberType>
      <Parameters>
        <Parameter Name="reader" Type="System.Xml.XmlReader" />
        <Parameter Name="ns" Type="System.String" />
      </Parameters>
      <Docs>
        <param name="reader">To be added.</param>
        <param name="ns">To be added.</param>
        <summary>To be added.</summary>
        <remarks>To be added.</remarks>
      </Docs>
    </Member>
    <Member MemberName="RelaxngNS">
      <MemberSignature Language="C#" Value="public static string RelaxngNS;" />
      <MemberType>Field</MemberType>
      <Attributes>
        <Attribute>
          <AttributeName>System.Obsolete(Message=null, IsError=False)</AttributeName>
        </Attribute>
      </Attributes>
      <ReturnValue>
        <ReturnType>System.String</ReturnType>
      </ReturnValue>
      <Docs>
        <summary>To be added.</summary>
        <remarks>To be added.</remarks>
      </Docs>
    </Member>
    <Member MemberName="ReadPattern">
      <MemberSignature Language="C#" Value="public Commons.Xml.Relaxng.RelaxngPattern ReadPattern ();" />
      <MemberType>Method</MemberType>
      <ReturnValue>
        <ReturnType>Commons.Xml.Relaxng.RelaxngPattern</ReturnType>
      </ReturnValue>
      <Parameters />
      <Docs>
        <summary>To be added.</summary>
        <returns>To be added.</returns>
        <remarks>To be added.</remarks>
      </Docs>
    </Member>
    <Member MemberName="GrammarForRelaxng">
      <MemberSignature Language="C#" Value="public static Commons.Xml.Relaxng.RelaxngPattern GrammarForRelaxng { get; };" />
      <MemberType>Property</MemberType>
      <ReturnValue>
        <ReturnType>Commons.Xml.Relaxng.RelaxngPattern</ReturnType>
      </ReturnValue>
      <Docs>
        <summary>To be added.</summary>
        <value>To be added.</value>
        <remarks>To be added.</remarks>
      </Docs>
    </Member>
    <Member MemberName="XmlResolver">
      <MemberSignature Language="C#" Value="public System.Xml.XmlResolver XmlResolver { set; };" />
      <MemberType>Property</MemberType>
      <ReturnValue>
        <ReturnType>System.Xml.XmlResolver</ReturnType>
      </ReturnValue>
      <Docs>
        <summary>To be added.</summary>
        <value>To be added.</value>
        <remarks>To be added.</remarks>
      </Docs>
    </Member>
    <Member MemberName="ContextNamespace">
      <MemberSignature Language="C#" Value="public string ContextNamespace { get; };" />
      <MemberType>Property</MemberType>
      <ReturnValue>
        <ReturnType>System.String</ReturnType>
      </ReturnValue>
      <Docs>
        <summary>To be added.</summary>
        <value>To be added.</value>
        <remarks>To be added.</remarks>
      </Docs>
    </Member>
    <Member MemberName="DatatypeLibrary">
      <MemberSignature Language="C#" Value="public string DatatypeLibrary { get; };" />
      <MemberType>Property</MemberType>
      <ReturnValue>
        <ReturnType>System.String</ReturnType>
      </ReturnValue>
      <Docs>
        <summary>To be added.</summary>
        <value>To be added.</value>
        <remarks>To be added.</remarks>
      </Docs>
    </Member>
  </Members>
  <Docs>
    <summary>To be added.</summary>
    <remarks>To be added.</remarks>
  </Docs>
</Type>
