<Type Name="RelaxngException" FullName="Commons.Xml.Relaxng.RelaxngException">
  <TypeSignature Language="C#" Maintainer="auto" Value="public class RelaxngException : System.Exception" />
  <AssemblyInfo>
    <AssemblyName>Commons.Xml.Relaxng</AssemblyName>
    <AssemblyPublicKey>[00 24 00 00 04 80 00 00 94 00 00 00 06 02 00 00 00 24 00 00 52 53 41 31 00 04 00 00 01 00 01 00 79 15 99 77 D2 D0 3A 8E 6B EA 7A 2E 74 E8 D1 AF CC 93 E8 85 19 74 95 2B B4 80 A1 2C 91 34 47 4D 04 06 24 47 C3 7E 0E 68 C0 80 53 6F CF 3C 3F BE 2F F9 C9 79 CE 99 84 75 E5 06 E8 CE 82 DD 5B 0F 35 0D C1 0E 93 BF 2E EE CF 87 4B 24 77 0C 50 81 DB EA 74 47 FD DA FA 27 7B 22 DE 47 D6 FF EA 44 96 74 A4 F9 FC CF 84 D1 50 69 08 93 80 28 4D BD D3 5F 46 CD FF 12 A1 BD 78 E4 EF 00 65 D0 16 DF]</AssemblyPublicKey>
    <AssemblyVersion>1.0.5000.0</AssemblyVersion>
  </AssemblyInfo>
  <ThreadSafetyStatement>Gtk# is thread aware, but not thread safe; See the <link location="node:gtk-sharp/programming/threads">Gtk# Thread Programming</link> for details.</ThreadSafetyStatement>
  <Docs>
    <summary>Represents an exception from both the compilation of the RELAX NG grammar patterns, and validation of XML documents.</summary>
    <remarks>To be added.</remarks>
  </Docs>
  <Base>
    <BaseTypeName>System.Exception</BaseTypeName>
  </Base>
  <Interfaces>
  </Interfaces>
  <Members>
    <Member MemberName=".ctor">
      <MemberSignature Language="C#" Value="public RelaxngException ();" />
      <MemberType>Constructor</MemberType>
      <ReturnValue />
      <Parameters />
      <Docs>
        <summary>The default constructor.</summary>
        <remarks>To be added.</remarks>
      </Docs>
    </Member>
    <Member MemberName=".ctor">
      <MemberSignature Language="C#" Value="public RelaxngException (string message);" />
      <MemberType>Constructor</MemberType>
      <ReturnValue />
      <Parameters>
        <Parameter Name="message" Type="System.String" />
      </Parameters>
      <Docs>
        <summary>The constructor that accepts the error message.</summary>
        <param name="message">a <see cref="T:System.String" /></param>
        <remarks>To be added.</remarks>
      </Docs>
    </Member>
    <Member MemberName=".ctor">
      <MemberSignature Language="C#" Value="public RelaxngException (string message, Exception innerException);" />
      <MemberType>Constructor</MemberType>
      <ReturnValue />
      <Parameters>
        <Parameter Name="message" Type="System.String" />
        <Parameter Name="innerException" Type="System.Exception" />
      </Parameters>
      <Docs>
        <summary>The constructor that accepts the error message and the inner exception.</summary>
        <param name="message">a <see cref="T:System.String" /></param>
        <param name="innerException">a <see cref="T:System.Exception" /></param>
        <remarks>To be added.</remarks>
      </Docs>
    </Member>
    <Member MemberName=".ctor">
      <MemberSignature Language="C#" Value="public RelaxngException (Commons.Xml.Relaxng.RelaxngElementBase source, string message);" />
      <MemberType>Constructor</MemberType>
      <Parameters>
        <Parameter Name="source" Type="Commons.Xml.Relaxng.RelaxngElementBase" />
        <Parameter Name="message" Type="System.String" />
      </Parameters>
      <Docs>
        <param name="source">To be added.</param>
        <param name="message">To be added.</param>
        <summary>To be added.</summary>
        <remarks>To be added.</remarks>
      </Docs>
    </Member>
  </Members>
</Type>
