<Type Name="RelaxngPatternType" FullName="Commons.Xml.Relaxng.RelaxngPatternType">
  <TypeSignature Language="C#" Value="public enum RelaxngPatternType" Maintainer="auto" />
  <AssemblyInfo>
    <AssemblyName>Commons.Xml.Relaxng</AssemblyName>
    <AssemblyPublicKey>[00 24 00 00 04 80 00 00 94 00 00 00 06 02 00 00 00 24 00 00 52 53 41 31 00 04 00 00 01 00 01 00 79 15 99 77 D2 D0 3A 8E 6B EA 7A 2E 74 E8 D1 AF CC 93 E8 85 19 74 95 2B B4 80 A1 2C 91 34 47 4D 04 06 24 47 C3 7E 0E 68 C0 80 53 6F CF 3C 3F BE 2F F9 C9 79 CE 99 84 75 E5 06 E8 CE 82 DD 5B 0F 35 0D C1 0E 93 BF 2E EE CF 87 4B 24 77 0C 50 81 DB EA 74 47 FD DA FA 27 7B 22 DE 47 D6 FF EA 44 96 74 A4 F9 FC CF 84 D1 50 69 08 93 80 28 4D BD D3 5F 46 CD FF 12 A1 BD 78 E4 EF 00 65 D0 16 DF]</AssemblyPublicKey>
    <AssemblyVersion>1.0.5000.0</AssemblyVersion>
  </AssemblyInfo>
  <ThreadSafetyStatement>This is an enum type. Enum type is thread safe.</ThreadSafetyStatement>
  <Docs>
    <summary>Enumerates the kind of RELAX NG patterns.</summary>
    <remarks>To be added.</remarks>
  </Docs>
  <Base>
    <BaseTypeName>System.Enum</BaseTypeName>
  </Base>
  <Members>
    <Member MemberName="Empty">
      <MemberSignature Language="C#" Value="Empty" />
      <MemberType>Field</MemberType>
      <ReturnValue>
        <ReturnType>Commons.Xml.Relaxng.RelaxngPatternType</ReturnType>
      </ReturnValue>
      <Parameters>
      </Parameters>
      <Docs>
        <summary>Represents "empty" pattern.</summary>
      </Docs>
    </Member>
    <Member MemberName="NotAllowed">
      <MemberSignature Language="C#" Value="NotAllowed" />
      <MemberType>Field</MemberType>
      <ReturnValue>
        <ReturnType>Commons.Xml.Relaxng.RelaxngPatternType</ReturnType>
      </ReturnValue>
      <Parameters>
      </Parameters>
      <Docs>
        <summary>Represents "notAllowed" pattern.</summary>
      </Docs>
    </Member>
    <Member MemberName="Text">
      <MemberSignature Language="C#" Value="Text" />
      <MemberType>Field</MemberType>
      <ReturnValue>
        <ReturnType>Commons.Xml.Relaxng.RelaxngPatternType</ReturnType>
      </ReturnValue>
      <Parameters>
      </Parameters>
      <Docs>
        <summary>Represents "text" pattern.</summary>
      </Docs>
    </Member>
    <Member MemberName="Choice">
      <MemberSignature Language="C#" Value="Choice" />
      <MemberType>Field</MemberType>
      <ReturnValue>
        <ReturnType>Commons.Xml.Relaxng.RelaxngPatternType</ReturnType>
      </ReturnValue>
      <Parameters>
      </Parameters>
      <Docs>
        <summary>Represents "choice" pattern.</summary>
      </Docs>
    </Member>
    <Member MemberName="Interleave">
      <MemberSignature Language="C#" Value="Interleave" />
      <MemberType>Field</MemberType>
      <ReturnValue>
        <ReturnType>Commons.Xml.Relaxng.RelaxngPatternType</ReturnType>
      </ReturnValue>
      <Parameters>
      </Parameters>
      <Docs>
        <summary>Represents "interleave" pattern.</summary>
      </Docs>
    </Member>
    <Member MemberName="Group">
      <MemberSignature Language="C#" Value="Group" />
      <MemberType>Field</MemberType>
      <ReturnValue>
        <ReturnType>Commons.Xml.Relaxng.RelaxngPatternType</ReturnType>
      </ReturnValue>
      <Parameters>
      </Parameters>
      <Docs>
        <summary>Represents "group" pattern.</summary>
      </Docs>
    </Member>
    <Member MemberName="OneOrMore">
      <MemberSignature Language="C#" Value="OneOrMore" />
      <MemberType>Field</MemberType>
      <ReturnValue>
        <ReturnType>Commons.Xml.Relaxng.RelaxngPatternType</ReturnType>
      </ReturnValue>
      <Parameters>
      </Parameters>
      <Docs>
        <summary>Represents "oneOrMore" pattern.</summary>
      </Docs>
    </Member>
    <Member MemberName="List">
      <MemberSignature Language="C#" Value="List" />
      <MemberType>Field</MemberType>
      <ReturnValue>
        <ReturnType>Commons.Xml.Relaxng.RelaxngPatternType</ReturnType>
      </ReturnValue>
      <Parameters>
      </Parameters>
      <Docs>
        <summary>Represents "list" pattern.</summary>
      </Docs>
    </Member>
    <Member MemberName="Data">
      <MemberSignature Language="C#" Value="Data" />
      <MemberType>Field</MemberType>
      <ReturnValue>
        <ReturnType>Commons.Xml.Relaxng.RelaxngPatternType</ReturnType>
      </ReturnValue>
      <Parameters>
      </Parameters>
      <Docs>
        <summary>Represents "data" pattern.</summary>
      </Docs>
    </Member>
    <Member MemberName="DataExcept">
      <MemberSignature Language="C#" Value="DataExcept" />
      <MemberType>Field</MemberType>
      <ReturnValue>
        <ReturnType>Commons.Xml.Relaxng.RelaxngPatternType</ReturnType>
      </ReturnValue>
      <Parameters>
      </Parameters>
      <Docs>
        <summary>This enumeration represents a kind of "derivative" and used only in internal processing.</summary>
      </Docs>
    </Member>
    <Member MemberName="Value">
      <MemberSignature Language="C#" Value="Value" />
      <MemberType>Field</MemberType>
      <ReturnValue>
        <ReturnType>Commons.Xml.Relaxng.RelaxngPatternType</ReturnType>
      </ReturnValue>
      <Parameters>
      </Parameters>
      <Docs>
        <summary>Represents "value" pattern.</summary>
      </Docs>
    </Member>
    <Member MemberName="Attribute">
      <MemberSignature Language="C#" Value="Attribute" />
      <MemberType>Field</MemberType>
      <ReturnValue>
        <ReturnType>Commons.Xml.Relaxng.RelaxngPatternType</ReturnType>
      </ReturnValue>
      <Parameters>
      </Parameters>
      <Docs>
        <summary>Represents "attribute" pattern.</summary>
      </Docs>
    </Member>
    <Member MemberName="Element">
      <MemberSignature Language="C#" Value="Element" />
      <MemberType>Field</MemberType>
      <ReturnValue>
        <ReturnType>Commons.Xml.Relaxng.RelaxngPatternType</ReturnType>
      </ReturnValue>
      <Parameters>
      </Parameters>
      <Docs>
        <summary>Represents "element" pattern.</summary>
      </Docs>
    </Member>
    <Member MemberName="After">
      <MemberSignature Language="C#" Value="After" />
      <MemberType>Field</MemberType>
      <ReturnValue>
        <ReturnType>Commons.Xml.Relaxng.RelaxngPatternType</ReturnType>
      </ReturnValue>
      <Parameters>
      </Parameters>
      <Docs>
        <summary>This enumeration represents a kind of "derivative" and used only in internal processing.</summary>
      </Docs>
    </Member>
    <Member MemberName="Ref">
      <MemberSignature Language="C#" Value="Ref" />
      <MemberType>Field</MemberType>
      <ReturnValue>
        <ReturnType>Commons.Xml.Relaxng.RelaxngPatternType</ReturnType>
      </ReturnValue>
      <Parameters>
      </Parameters>
      <Docs>
        <summary>Represents "ref" pattern.</summary>
      </Docs>
    </Member>
    <Member MemberName="Grammar">
      <MemberSignature Language="C#" Value="Grammar" />
      <MemberType>Field</MemberType>
      <ReturnValue>
        <ReturnType>Commons.Xml.Relaxng.RelaxngPatternType</ReturnType>
      </ReturnValue>
      <Parameters>
      </Parameters>
      <Docs>
        <summary>Represents "grammar" pattern.</summary>
      </Docs>
    </Member>
    <Member MemberName="ZeroOrMore">
      <MemberSignature Language="C#" Value="ZeroOrMore" />
      <MemberType>Field</MemberType>
      <ReturnValue>
        <ReturnType>Commons.Xml.Relaxng.RelaxngPatternType</ReturnType>
      </ReturnValue>
      <Parameters>
      </Parameters>
      <Docs>
        <summary>Represents "zeroOrMore" pattern.</summary>
      </Docs>
    </Member>
    <Member MemberName="Mixed">
      <MemberSignature Language="C#" Value="Mixed" />
      <MemberType>Field</MemberType>
      <ReturnValue>
        <ReturnType>Commons.Xml.Relaxng.RelaxngPatternType</ReturnType>
      </ReturnValue>
      <Parameters>
      </Parameters>
      <Docs>
        <summary>Represents "mixed" pattern.</summary>
      </Docs>
    </Member>
    <Member MemberName="Optional">
      <MemberSignature Language="C#" Value="Optional" />
      <MemberType>Field</MemberType>
      <ReturnValue>
        <ReturnType>Commons.Xml.Relaxng.RelaxngPatternType</ReturnType>
      </ReturnValue>
      <Parameters>
      </Parameters>
      <Docs>
        <summary>Represents "optional" pattern.</summary>
      </Docs>
    </Member>
    <Member MemberName="ExternalRef">
      <MemberSignature Language="C#" Value="ExternalRef" />
      <MemberType>Field</MemberType>
      <ReturnValue>
        <ReturnType>Commons.Xml.Relaxng.RelaxngPatternType</ReturnType>
      </ReturnValue>
      <Parameters>
      </Parameters>
      <Docs>
        <summary>Represents "externalRef" pattern.</summary>
      </Docs>
    </Member>
    <Member MemberName="ParentRef">
      <MemberSignature Language="C#" Value="ParentRef" />
      <MemberType>Field</MemberType>
      <ReturnValue>
        <ReturnType>Commons.Xml.Relaxng.RelaxngPatternType</ReturnType>
      </ReturnValue>
      <Parameters>
      </Parameters>
      <Docs>
        <summary>Represents "parentRef" pattern.</summary>
      </Docs>
    </Member>
  </Members>
</Type>
