<Type Name="XmlDefaultReader" FullName="Commons.Xml.XmlDefaultReader">
  <TypeSignature Language="C#" Maintainer="auto" Value="public class XmlDefaultReader : System.Xml.XmlReader, System.Xml.IXmlLineInfo" />
  <AssemblyInfo>
    <AssemblyName>Commons.Xml.Relaxng</AssemblyName>
    <AssemblyPublicKey>[00 24 00 00 04 80 00 00 94 00 00 00 06 02 00 00 00 24 00 00 52 53 41 31 00 04 00 00 01 00 01 00 79 15 99 77 D2 D0 3A 8E 6B EA 7A 2E 74 E8 D1 AF CC 93 E8 85 19 74 95 2B B4 80 A1 2C 91 34 47 4D 04 06 24 47 C3 7E 0E 68 C0 80 53 6F CF 3C 3F BE 2F F9 C9 79 CE 99 84 75 E5 06 E8 CE 82 DD 5B 0F 35 0D C1 0E 93 BF 2E EE CF 87 4B 24 77 0C 50 81 DB EA 74 47 FD DA FA 27 7B 22 DE 47 D6 FF EA 44 96 74 A4 F9 FC CF 84 D1 50 69 08 93 80 28 4D BD D3 5F 46 CD FF 12 A1 BD 78 E4 EF 00 65 D0 16 DF]</AssemblyPublicKey>
    <AssemblyVersion>1.0.5000.0</AssemblyVersion>
  </AssemblyInfo>
  <ThreadSafetyStatement>Gtk# is thread aware, but not thread safe; See the <link location="node:gtk-sharp/programming/threads">Gtk# Thread Programming</link> for details.</ThreadSafetyStatement>
  <Docs>
    <summary>An utility XmlReader implementation that accepts an XmlReader as its source. This class implements all the abstract methods just by calling the source XmlReader.</summary>
    <remarks>This class works like SAX's DefaultHandler</remarks>
  </Docs>
  <Base>
    <BaseTypeName>System.Xml.XmlReader</BaseTypeName>
  </Base>
  <Interfaces>
    <Interface>
      <InterfaceName>System.Xml.IXmlLineInfo</InterfaceName>
    </Interface>
  </Interfaces>
  <Attributes>
    <Attribute>
      <AttributeName>System.Reflection.DefaultMember(MemberName="Item")</AttributeName>
    </Attribute>
  </Attributes>
  <Members>
    <Member MemberName="GetAttribute">
      <MemberSignature Language="C#" Value="public override string GetAttribute (string name);" />
      <MemberType>Method</MemberType>
      <ReturnValue>
        <ReturnType>System.String</ReturnType>
      </ReturnValue>
      <Parameters>
        <Parameter Name="name" Type="System.String" />
      </Parameters>
      <Docs>
        <summary>To be added</summary>
        <param name="name">a <see cref="T:System.String" /></param>
        <returns>a <see cref="T:System.String" /></returns>
        <remarks>To be added</remarks>
      </Docs>
    </Member>
    <Member MemberName="GetAttribute">
      <MemberSignature Language="C#" Value="public override string GetAttribute (string localName, string namespaceURI);" />
      <MemberType>Method</MemberType>
      <ReturnValue>
        <ReturnType>System.String</ReturnType>
      </ReturnValue>
      <Parameters>
        <Parameter Name="localName" Type="System.String" />
        <Parameter Name="namespaceURI" Type="System.String" />
      </Parameters>
      <Docs>
        <summary>To be added</summary>
        <param name="localName">a <see cref="T:System.String" /></param>
        <param name="namespaceURI">a <see cref="T:System.String" /></param>
        <returns>a <see cref="T:System.String" /></returns>
        <remarks>To be added</remarks>
      </Docs>
    </Member>
    <Member MemberName="GetAttribute">
      <MemberSignature Language="C#" Value="public override string GetAttribute (int i);" />
      <MemberType>Method</MemberType>
      <ReturnValue>
        <ReturnType>System.String</ReturnType>
      </ReturnValue>
      <Parameters>
        <Parameter Name="i" Type="System.Int32" />
      </Parameters>
      <Docs>
        <summary>To be added</summary>
        <param name="i">a <see cref="T:System.Int32" /></param>
        <returns>a <see cref="T:System.String" /></returns>
        <remarks>To be added</remarks>
      </Docs>
    </Member>
    <Member MemberName="HasLineInfo">
      <MemberSignature Language="C#" Value="public bool HasLineInfo ();" />
      <MemberType>Method</MemberType>
      <ReturnValue>
        <ReturnType>System.Boolean</ReturnType>
      </ReturnValue>
      <Parameters />
      <Docs>
        <summary>To be added</summary>
        <returns>a <see cref="T:System.Boolean" /></returns>
        <remarks>To be added</remarks>
      </Docs>
    </Member>
    <Member MemberName="MoveToAttribute">
      <MemberSignature Language="C#" Value="public override bool MoveToAttribute (string name);" />
      <MemberType>Method</MemberType>
      <ReturnValue>
        <ReturnType>System.Boolean</ReturnType>
      </ReturnValue>
      <Parameters>
        <Parameter Name="name" Type="System.String" />
      </Parameters>
      <Docs>
        <summary>To be added</summary>
        <param name="name">a <see cref="T:System.String" /></param>
        <returns>a <see cref="T:System.Boolean" /></returns>
        <remarks>To be added</remarks>
      </Docs>
    </Member>
    <Member MemberName="MoveToAttribute">
      <MemberSignature Language="C#" Value="public override bool MoveToAttribute (string localName, string namespaceURI);" />
      <MemberType>Method</MemberType>
      <ReturnValue>
        <ReturnType>System.Boolean</ReturnType>
      </ReturnValue>
      <Parameters>
        <Parameter Name="localName" Type="System.String" />
        <Parameter Name="namespaceURI" Type="System.String" />
      </Parameters>
      <Docs>
        <summary>To be added</summary>
        <param name="localName">a <see cref="T:System.String" /></param>
        <param name="namespaceURI">a <see cref="T:System.String" /></param>
        <returns>a <see cref="T:System.Boolean" /></returns>
        <remarks>To be added</remarks>
      </Docs>
    </Member>
    <Member MemberName="MoveToAttribute">
      <MemberSignature Language="C#" Value="public override void MoveToAttribute (int i);" />
      <MemberType>Method</MemberType>
      <ReturnValue>
        <ReturnType>System.Void</ReturnType>
      </ReturnValue>
      <Parameters>
        <Parameter Name="i" Type="System.Int32" />
      </Parameters>
      <Docs>
        <summary>To be added</summary>
        <param name="i">a <see cref="T:System.Int32" /></param>
        <remarks>To be added</remarks>
      </Docs>
    </Member>
    <Member MemberName="MoveToFirstAttribute">
      <MemberSignature Language="C#" Value="public override bool MoveToFirstAttribute ();" />
      <MemberType>Method</MemberType>
      <ReturnValue>
        <ReturnType>System.Boolean</ReturnType>
      </ReturnValue>
      <Parameters />
      <Docs>
        <summary>To be added</summary>
        <returns>a <see cref="T:System.Boolean" /></returns>
        <remarks>To be added</remarks>
      </Docs>
    </Member>
    <Member MemberName="MoveToNextAttribute">
      <MemberSignature Language="C#" Value="public override bool MoveToNextAttribute ();" />
      <MemberType>Method</MemberType>
      <ReturnValue>
        <ReturnType>System.Boolean</ReturnType>
      </ReturnValue>
      <Parameters />
      <Docs>
        <summary>To be added</summary>
        <returns>a <see cref="T:System.Boolean" /></returns>
        <remarks>To be added</remarks>
      </Docs>
    </Member>
    <Member MemberName="MoveToElement">
      <MemberSignature Language="C#" Value="public override bool MoveToElement ();" />
      <MemberType>Method</MemberType>
      <ReturnValue>
        <ReturnType>System.Boolean</ReturnType>
      </ReturnValue>
      <Parameters />
      <Docs>
        <summary>To be added</summary>
        <returns>a <see cref="T:System.Boolean" /></returns>
        <remarks>To be added</remarks>
      </Docs>
    </Member>
    <Member MemberName="Read">
      <MemberSignature Language="C#" Value="public override bool Read ();" />
      <MemberType>Method</MemberType>
      <ReturnValue>
        <ReturnType>System.Boolean</ReturnType>
      </ReturnValue>
      <Parameters />
      <Docs>
        <summary>To be added</summary>
        <returns>a <see cref="T:System.Boolean" /></returns>
        <remarks>To be added</remarks>
      </Docs>
    </Member>
    <Member MemberName="ReadString">
      <MemberSignature Language="C#" Value="public override string ReadString ();" />
      <MemberType>Method</MemberType>
      <ReturnValue>
        <ReturnType>System.String</ReturnType>
      </ReturnValue>
      <Parameters />
      <Docs>
        <summary>To be added</summary>
        <returns>a <see cref="T:System.String" /></returns>
        <remarks>To be added</remarks>
      </Docs>
    </Member>
    <Member MemberName="ReadInnerXml">
      <MemberSignature Language="C#" Value="public override string ReadInnerXml ();" />
      <MemberType>Method</MemberType>
      <ReturnValue>
        <ReturnType>System.String</ReturnType>
      </ReturnValue>
      <Parameters />
      <Docs>
        <summary>To be added</summary>
        <returns>a <see cref="T:System.String" /></returns>
        <remarks>To be added</remarks>
      </Docs>
    </Member>
    <Member MemberName="ReadOuterXml">
      <MemberSignature Language="C#" Value="public override string ReadOuterXml ();" />
      <MemberType>Method</MemberType>
      <ReturnValue>
        <ReturnType>System.String</ReturnType>
      </ReturnValue>
      <Parameters />
      <Docs>
        <summary>To be added</summary>
        <returns>a <see cref="T:System.String" /></returns>
        <remarks>To be added</remarks>
      </Docs>
    </Member>
    <Member MemberName="LookupNamespace">
      <MemberSignature Language="C#" Value="public override string LookupNamespace (string prefix);" />
      <MemberType>Method</MemberType>
      <ReturnValue>
        <ReturnType>System.String</ReturnType>
      </ReturnValue>
      <Parameters>
        <Parameter Name="prefix" Type="System.String" />
      </Parameters>
      <Docs>
        <summary>To be added</summary>
        <param name="prefix">a <see cref="T:System.String" /></param>
        <returns>a <see cref="T:System.String" /></returns>
        <remarks>To be added</remarks>
      </Docs>
    </Member>
    <Member MemberName="ReadAttributeValue">
      <MemberSignature Language="C#" Value="public override bool ReadAttributeValue ();" />
      <MemberType>Method</MemberType>
      <ReturnValue>
        <ReturnType>System.Boolean</ReturnType>
      </ReturnValue>
      <Parameters />
      <Docs>
        <summary>To be added</summary>
        <returns>a <see cref="T:System.Boolean" /></returns>
        <remarks>To be added</remarks>
      </Docs>
    </Member>
    <Member MemberName=".ctor">
      <MemberSignature Language="C#" Value="public XmlDefaultReader (System.Xml.XmlReader reader);" />
      <MemberType>Constructor</MemberType>
      <ReturnValue />
      <Parameters>
        <Parameter Name="reader" Type="System.Xml.XmlReader" />
      </Parameters>
      <Docs>
        <summary>To be added</summary>
        <param name="reader">a <see cref="T:System.Xml.XmlReader" /></param>
        <remarks>To be added</remarks>
      </Docs>
    </Member>
    <Member MemberName="Reader">
      <MemberSignature Language="C#" Value="public System.Xml.XmlReader Reader { get; };" />
      <MemberType>Property</MemberType>
      <ReturnValue>
        <ReturnType>System.Xml.XmlReader</ReturnType>
      </ReturnValue>
      <Parameters />
      <Docs>
        <summary>To be added</summary>
        <value>a <see cref="T:System.Xml.XmlReader" /></value>
        <remarks>To be added</remarks>
      </Docs>
    </Member>
    <Member MemberName="LineNumber">
      <MemberSignature Language="C#" Value="public int LineNumber { get; };" />
      <MemberType>Property</MemberType>
      <ReturnValue>
        <ReturnType>System.Int32</ReturnType>
      </ReturnValue>
      <Parameters />
      <Docs>
        <summary>To be added</summary>
        <value>a <see cref="T:System.Int32" /></value>
        <remarks>To be added</remarks>
      </Docs>
    </Member>
    <Member MemberName="LinePosition">
      <MemberSignature Language="C#" Value="public int LinePosition { get; };" />
      <MemberType>Property</MemberType>
      <ReturnValue>
        <ReturnType>System.Int32</ReturnType>
      </ReturnValue>
      <Parameters />
      <Docs>
        <summary>To be added</summary>
        <value>a <see cref="T:System.Int32" /></value>
        <remarks>To be added</remarks>
      </Docs>
    </Member>
    <Member MemberName="NodeType">
      <MemberSignature Language="C#" Value="public override System.Xml.XmlNodeType NodeType { get; };" />
      <MemberType>Property</MemberType>
      <ReturnValue>
        <ReturnType>System.Xml.XmlNodeType</ReturnType>
      </ReturnValue>
      <Parameters />
      <Docs>
        <summary>To be added</summary>
        <returns>a <see cref="T:System.Xml.XmlNodeType" /></returns>
        <remarks>To be added</remarks>
      </Docs>
    </Member>
    <Member MemberName="Name">
      <MemberSignature Language="C#" Value="public override string Name { get; };" />
      <MemberType>Property</MemberType>
      <ReturnValue>
        <ReturnType>System.String</ReturnType>
      </ReturnValue>
      <Parameters />
      <Docs>
        <summary>To be added</summary>
        <returns>a <see cref="T:System.String" /></returns>
        <remarks>To be added</remarks>
      </Docs>
    </Member>
    <Member MemberName="LocalName">
      <MemberSignature Language="C#" Value="public override string LocalName { get; };" />
      <MemberType>Property</MemberType>
      <ReturnValue>
        <ReturnType>System.String</ReturnType>
      </ReturnValue>
      <Parameters />
      <Docs>
        <summary>To be added</summary>
        <returns>a <see cref="T:System.String" /></returns>
        <remarks>To be added</remarks>
      </Docs>
    </Member>
    <Member MemberName="NamespaceURI">
      <MemberSignature Language="C#" Value="public override string NamespaceURI { get; };" />
      <MemberType>Property</MemberType>
      <ReturnValue>
        <ReturnType>System.String</ReturnType>
      </ReturnValue>
      <Parameters />
      <Docs>
        <summary>To be added</summary>
        <returns>a <see cref="T:System.String" /></returns>
        <remarks>To be added</remarks>
      </Docs>
    </Member>
    <Member MemberName="Prefix">
      <MemberSignature Language="C#" Value="public override string Prefix { get; };" />
      <MemberType>Property</MemberType>
      <ReturnValue>
        <ReturnType>System.String</ReturnType>
      </ReturnValue>
      <Parameters />
      <Docs>
        <summary>To be added</summary>
        <returns>a <see cref="T:System.String" /></returns>
        <remarks>To be added</remarks>
      </Docs>
    </Member>
    <Member MemberName="HasValue">
      <MemberSignature Language="C#" Value="public override bool HasValue { get; };" />
      <MemberType>Property</MemberType>
      <ReturnValue>
        <ReturnType>System.Boolean</ReturnType>
      </ReturnValue>
      <Parameters />
      <Docs>
        <summary>To be added</summary>
        <returns>a <see cref="T:System.Boolean" /></returns>
        <remarks>To be added</remarks>
      </Docs>
    </Member>
    <Member MemberName="Depth">
      <MemberSignature Language="C#" Value="public override int Depth { get; };" />
      <MemberType>Property</MemberType>
      <ReturnValue>
        <ReturnType>System.Int32</ReturnType>
      </ReturnValue>
      <Parameters />
      <Docs>
        <summary>To be added</summary>
        <returns>a <see cref="T:System.Int32" /></returns>
        <remarks>To be added</remarks>
      </Docs>
    </Member>
    <Member MemberName="Value">
      <MemberSignature Language="C#" Value="public override string Value { get; };" />
      <MemberType>Property</MemberType>
      <ReturnValue>
        <ReturnType>System.String</ReturnType>
      </ReturnValue>
      <Parameters />
      <Docs>
        <summary>To be added</summary>
        <returns>a <see cref="T:System.String" /></returns>
        <remarks>To be added</remarks>
      </Docs>
    </Member>
    <Member MemberName="BaseURI">
      <MemberSignature Language="C#" Value="public override string BaseURI { get; };" />
      <MemberType>Property</MemberType>
      <ReturnValue>
        <ReturnType>System.String</ReturnType>
      </ReturnValue>
      <Parameters />
      <Docs>
        <summary>To be added</summary>
        <returns>a <see cref="T:System.String" /></returns>
        <remarks>To be added</remarks>
      </Docs>
    </Member>
    <Member MemberName="IsEmptyElement">
      <MemberSignature Language="C#" Value="public override bool IsEmptyElement { get; };" />
      <MemberType>Property</MemberType>
      <ReturnValue>
        <ReturnType>System.Boolean</ReturnType>
      </ReturnValue>
      <Parameters />
      <Docs>
        <summary>To be added</summary>
        <returns>a <see cref="T:System.Boolean" /></returns>
        <remarks>To be added</remarks>
      </Docs>
    </Member>
    <Member MemberName="IsDefault">
      <MemberSignature Language="C#" Value="public override bool IsDefault { get; };" />
      <MemberType>Property</MemberType>
      <ReturnValue>
        <ReturnType>System.Boolean</ReturnType>
      </ReturnValue>
      <Parameters />
      <Docs>
        <summary>To be added</summary>
        <returns>a <see cref="T:System.Boolean" /></returns>
        <remarks>To be added</remarks>
      </Docs>
    </Member>
    <Member MemberName="QuoteChar">
      <MemberSignature Language="C#" Value="public override char QuoteChar { get; };" />
      <MemberType>Property</MemberType>
      <ReturnValue>
        <ReturnType>System.Char</ReturnType>
      </ReturnValue>
      <Parameters />
      <Docs>
        <summary>To be added</summary>
        <returns>a <see cref="T:System.Char" /></returns>
        <remarks>To be added</remarks>
      </Docs>
    </Member>
    <Member MemberName="XmlLang">
      <MemberSignature Language="C#" Value="public override string XmlLang { get; };" />
      <MemberType>Property</MemberType>
      <ReturnValue>
        <ReturnType>System.String</ReturnType>
      </ReturnValue>
      <Parameters />
      <Docs>
        <summary>To be added</summary>
        <returns>a <see cref="T:System.String" /></returns>
        <remarks>To be added</remarks>
      </Docs>
    </Member>
    <Member MemberName="XmlSpace">
      <MemberSignature Language="C#" Value="public override System.Xml.XmlSpace XmlSpace { get; };" />
      <MemberType>Property</MemberType>
      <ReturnValue>
        <ReturnType>System.Xml.XmlSpace</ReturnType>
      </ReturnValue>
      <Parameters />
      <Docs>
        <summary>To be added</summary>
        <returns>a <see cref="T:System.Xml.XmlSpace" /></returns>
        <remarks>To be added</remarks>
      </Docs>
    </Member>
    <Member MemberName="AttributeCount">
      <MemberSignature Language="C#" Value="public override int AttributeCount { get; };" />
      <MemberType>Property</MemberType>
      <ReturnValue>
        <ReturnType>System.Int32</ReturnType>
      </ReturnValue>
      <Parameters />
      <Docs>
        <summary>To be added</summary>
        <returns>a <see cref="T:System.Int32" /></returns>
        <remarks>To be added</remarks>
      </Docs>
    </Member>
    <Member MemberName="EOF">
      <MemberSignature Language="C#" Value="public override bool EOF { get; };" />
      <MemberType>Property</MemberType>
      <ReturnValue>
        <ReturnType>System.Boolean</ReturnType>
      </ReturnValue>
      <Parameters />
      <Docs>
        <summary>To be added</summary>
        <returns>a <see cref="T:System.Boolean" /></returns>
        <remarks>To be added</remarks>
      </Docs>
    </Member>
    <Member MemberName="ReadState">
      <MemberSignature Language="C#" Value="public override System.Xml.ReadState ReadState { get; };" />
      <MemberType>Property</MemberType>
      <ReturnValue>
        <ReturnType>System.Xml.ReadState</ReturnType>
      </ReturnValue>
      <Parameters />
      <Docs>
        <summary>To be added</summary>
        <returns>a <see cref="T:System.Xml.ReadState" /></returns>
        <remarks>To be added</remarks>
      </Docs>
    </Member>
    <Member MemberName="NameTable">
      <MemberSignature Language="C#" Value="public override System.Xml.XmlNameTable NameTable { get; };" />
      <MemberType>Property</MemberType>
      <ReturnValue>
        <ReturnType>System.Xml.XmlNameTable</ReturnType>
      </ReturnValue>
      <Parameters />
      <Docs>
        <summary>To be added</summary>
        <returns>a <see cref="T:System.Xml.XmlNameTable" /></returns>
        <remarks>To be added</remarks>
      </Docs>
    </Member>
    <Member MemberName="Item">
      <MemberSignature Language="C#" Value="public override string Item { get; };" />
      <MemberType>Property</MemberType>
      <ReturnValue>
        <ReturnType>System.String</ReturnType>
      </ReturnValue>
      <Parameters>
        <Parameter Name="i" Type="System.Int32" />
      </Parameters>
      <Docs>
        <summary>To be added</summary>
        <param name="i">a <see cref="T:System.Int32" /></param>
        <returns>a <see cref="T:System.String" /></returns>
        <remarks>To be added</remarks>
      </Docs>
    </Member>
    <Member MemberName="Item">
      <MemberSignature Language="C#" Value="public override string Item { get; };" />
      <MemberType>Property</MemberType>
      <ReturnValue>
        <ReturnType>System.String</ReturnType>
      </ReturnValue>
      <Parameters>
        <Parameter Name="name" Type="System.String" />
      </Parameters>
      <Docs>
        <summary>To be added</summary>
        <param name="name">a <see cref="T:System.String" /></param>
        <returns>a <see cref="T:System.String" /></returns>
        <remarks>To be added</remarks>
      </Docs>
    </Member>
    <Member MemberName="Item">
      <MemberSignature Language="C#" Value="public override string Item { get; };" />
      <MemberType>Property</MemberType>
      <ReturnValue>
        <ReturnType>System.String</ReturnType>
      </ReturnValue>
      <Parameters>
        <Parameter Name="localName" Type="System.String" />
        <Parameter Name="namespaceURI" Type="System.String" />
      </Parameters>
      <Docs>
        <summary>To be added</summary>
        <param name="localName">a <see cref="T:System.String" /></param>
        <param name="namespaceURI">a <see cref="T:System.String" /></param>
        <returns>a <see cref="T:System.String" /></returns>
        <remarks>To be added</remarks>
      </Docs>
    </Member>
  </Members>
</Type>
